Команда,анкета,Ночь чаттер,утро чаттер,Вечер чаттер
@destr0yl0nely/@eviljordanz,Bella Habibi ,@gotmillions,@OGgold048,@taylors_sswift
@destr0yl0nely/@eviljordanz,Asuka,@broodmother1312,@mylovelyexistence,@cocuncux
@destr0yl0nely/@eviljordanz,Monica,@s1mpwl,@overthehxlls,@ranzebrff
@destr0yl0nely/@eviljordanz,Lily Long,@DjLopezzz,@stiefmutter18,@moggetsu
@destr0yl0nely/@eviljordanz,Rein,@parus690,@overthehxlls,@zxcvbnnmowi
,,,,
,,,,
,,,,
,,,,
,,,,
,,,,
@Uzzi62/@godmodee666,Mommy Lust,@bbernik,@psychocommerce ,@johannlieb
@Uzzi62/@godmodee666,Cherry Blossom,@whoislunexq,@qwezz2214,@unicide1
@Uzzi62/@godmodee666,Mommy Teacher,@hatemyseIfpls,@Angelous225,@SkiPzZzik
@Uzzi62/@godmodee666,Sakura Kasumi,@pigyyboyl,-,@hoplopol
@Uzzi62/@godmodee666,Iren Seductress,@user5741,@Angelous225,-
@Uzzi62/@godmodee666,Veronika Black🍒,@ughdeLYO,@vanya3737,@RaymondBig
@Uzzi62/@godmodee666,Missy Lux,@Boss_9874,-,@hoplopol